-- phpMyAdmin SQL Dump
-- version 5.1.0
-- https://www.phpmyadmin.net/
--
-- Servidor: 127.0.0.1
-- Tiempo de generación: 07-05-2021 a las 00:30:02
-- Versión del servidor: 10.4.18-MariaDB
-- Versión de PHP: 8.0.3

SET SQL_MODE = "NO_AUTO_VALUE_ON_ZERO";
START TRANSACTION;
SET time_zone = "+00:00";


/*!40101 SET @OLD_CHARACTER_SET_CLIENT=@@CHARACTER_SET_CLIENT */;
/*!40101 SET @OLD_CHARACTER_SET_RESULTS=@@CHARACTER_SET_RESULTS */;
/*!40101 SET @OLD_COLLATION_CONNECTION=@@COLLATION_CONNECTION */;
/*!40101 SET NAMES utf8mb4 */;

--
-- Base de datos: `tienda`
--

-- --------------------------------------------------------

--
-- Estructura de tabla para la tabla `categorias`
--

CREATE TABLE `categorias` (
  `id` int(11) NOT NULL,
  `nombre` varchar(255) DEFAULT NULL,
  `descripcion` varchar(255) DEFAULT NULL
) ENGINE=InnoDB DEFAULT CHARSET=utf8mb4;

-- --------------------------------------------------------

--
-- Estructura de tabla para la tabla `configuracion`
--

CREATE TABLE `configuracion` (
  `id` int(11) NOT NULL,
  `clave` varchar(255) DEFAULT NULL,
  `valor` varchar(255) DEFAULT NULL,
  `tipo` varchar(255) DEFAULT NULL
) ENGINE=InnoDB DEFAULT CHARSET=utf8mb4;

-- --------------------------------------------------------

--
-- Estructura de tabla para la tabla `descuentos`
--

CREATE TABLE `descuentos` (
  `id` int(11) NOT NULL,
  `codigo` varchar(255) DEFAULT NULL,
  `descuento` float DEFAULT NULL,
  `fecha_inicio` timestamp NOT NULL DEFAULT current_timestamp() ON UPDATE current_timestamp(),
  `fecha_fin` timestamp NOT NULL DEFAULT '0000-00-00 00:00:00'
) ENGINE=InnoDB DEFAULT CHARSET=utf8mb4;

-- --------------------------------------------------------

--
-- Estructura de tabla para la tabla `detalles_pedido`
--

CREATE TABLE `detalles_pedido` (
  `id` int(11) NOT NULL,
  `id_pedido` int(11) DEFAULT NULL,
  `id_producto` int(11) DEFAULT NULL,
  `precio_unidad` float DEFAULT NULL,
  `unidades` int(11) DEFAULT NULL,
  `impuesto` float DEFAULT NULL,
  `total` double DEFAULT NULL
) ENGINE=InnoDB DEFAULT CHARSET=utf8mb4;

-- --------------------------------------------------------

--
-- Estructura de tabla para la tabla `impuestos`
--

CREATE TABLE `impuestos` (
  `id` int(11) NOT NULL,
  `impuesto` float DEFAULT NULL
) ENGINE=InnoDB DEFAULT CHARSET=utf8mb4;

-- --------------------------------------------------------

--
-- Estructura de tabla para la tabla `metodos_pago`
--

CREATE TABLE `metodos_pago` (
  `id` int(11) NOT NULL,
  `metodo_pago` varchar(255) DEFAULT NULL
) ENGINE=InnoDB DEFAULT CHARSET=utf8mb4;

-- --------------------------------------------------------

--
-- Estructura de tabla para la tabla `opciones_menu`
--

CREATE TABLE `opciones_menu` (
  `id` int(11) NOT NULL,
  `id_rol` int(11) DEFAULT NULL,
  `opcion` varchar(255) DEFAULT NULL
) ENGINE=InnoDB DEFAULT CHARSET=utf8mb4;

--
-- Volcado de datos para la tabla `opciones_menu`
--

INSERT INTO `opciones_menu` (`id`, `id_rol`, `opcion`) VALUES
(1, 1, 'Inicio'),
(2, 2, 'Inicio'),
(3, 3, 'Inicio'),
(4, 1, 'Cerrar Sesion'),
(5, 2, 'Cerrar Sesion'),
(6, 3, 'Cerrar Sesion'),
(7, 3, 'Listar Usuarios'),
(8, 3, 'Listar Productos');

-- --------------------------------------------------------

--
-- Estructura de tabla para la tabla `pedidos`
--

CREATE TABLE `pedidos` (
  `id` int(11) NOT NULL,
  `id_usuario` int(11) DEFAULT NULL,
  `fecha` timestamp NOT NULL DEFAULT current_timestamp() ON UPDATE current_timestamp(),
  `metodo_pago` varchar(255) DEFAULT NULL,
  `estado` varchar(255) DEFAULT NULL,
  `num_factura` varchar(255) DEFAULT NULL,
  `total` double DEFAULT NULL
) ENGINE=InnoDB DEFAULT CHARSET=utf8mb4;

-- --------------------------------------------------------

--
-- Estructura de tabla para la tabla `productos`
--

CREATE TABLE `productos` (
  `id` int(11) NOT NULL,
  `id_categoria` int(11) DEFAULT NULL,
  `nombre` varchar(255) DEFAULT NULL,
  `descripcion` varchar(255) DEFAULT NULL,
  `precio` double DEFAULT NULL,
  `stock` int(11) DEFAULT NULL,
  `fecha_alta` timestamp NOT NULL DEFAULT current_timestamp() ON UPDATE current_timestamp(),
  `fecha_baja` timestamp NOT NULL DEFAULT '0000-00-00 00:00:00',
  `impuesto` float DEFAULT NULL
) ENGINE=InnoDB DEFAULT CHARSET=utf8mb4;

-- --------------------------------------------------------

--
-- Estructura de tabla para la tabla `proveedores`
--

CREATE TABLE `proveedores` (
  `id` int(11) NOT NULL,
  `nombre` varchar(255) DEFAULT NULL,
  `direccion` varchar(255) DEFAULT NULL,
  `localidad` varchar(255) DEFAULT NULL,
  `provincia` varchar(255) DEFAULT NULL,
  `telefono` varchar(255) DEFAULT NULL,
  `cif` varchar(255) DEFAULT NULL,
  `email` varchar(255) DEFAULT NULL
) ENGINE=InnoDB DEFAULT CHARSET=utf8mb4;

-- --------------------------------------------------------

--
-- Estructura de tabla para la tabla `roles`
--

CREATE TABLE `roles` (
  `id` int(11) NOT NULL,
  `rol` varchar(255) DEFAULT NULL
) ENGINE=InnoDB DEFAULT CHARSET=utf8mb4;

--
-- Volcado de datos para la tabla `roles`
--

INSERT INTO `roles` (`id`, `rol`) VALUES
(1, 'Admin'),
(2, 'Empleado'),
(3, 'Cliente');

-- --------------------------------------------------------

--
-- Estructura de tabla para la tabla `usuarios`
--

CREATE TABLE `usuarios` (
  `id` int(11) NOT NULL,
  `id_rol` int(11) DEFAULT NULL,
  `email` varchar(255) DEFAULT NULL,
  `clave` varchar(255) DEFAULT NULL,
  `nombre` varchar(255) DEFAULT NULL,
  `apellido1` varchar(255) DEFAULT NULL,
  `apellido2` varchar(255) DEFAULT NULL,
  `direccion` varchar(255) DEFAULT NULL,
  `localidad` varchar(255) DEFAULT NULL,
  `provincia` varchar(255) DEFAULT NULL,
  `telefono` varchar(255) DEFAULT NULL,
  `dni` varchar(255) DEFAULT NULL
) ENGINE=InnoDB DEFAULT CHARSET=utf8mb4;

--
-- Volcado de datos para la tabla `usuarios`
--

INSERT INTO `usuarios` (`id`, `id_rol`, `email`, `clave`, `nombre`, `apellido1`, `apellido2`, `direccion`, `localidad`, `provincia`, `telefono`, `dni`) VALUES
(1, 1, 'admin@tiendaonline.es', 'kXJU3u6LdLNLXtrOS3elDbhV6jKCAGDV', 'Administrador', '', '', '', NULL, '', '', '12345678Z'),
(2, 3, 'arkaitzrodriguez19@gmail.com', 'qJtHHqHxM9X+QanZ6PQLoUDvz+01giLa', 'Arkaitz', NULL, NULL, NULL, NULL, NULL, NULL, '30365053Q');

-- --------------------------------------------------------

--
-- Estructura de tabla para la tabla `valoraciones`
--

CREATE TABLE `valoraciones` (
  `id` int(11) NOT NULL,
  `id_producto` int(11) DEFAULT NULL,
  `id_usuario` int(11) DEFAULT NULL,
  `valoracion` int(11) DEFAULT NULL,
  `comentario` varchar(255) DEFAULT NULL
) ENGINE=InnoDB DEFAULT CHARSET=utf8mb4;

--
-- Índices para tablas volcadas
--

--
-- Indices de la tabla `categorias`
--
ALTER TABLE `categorias`
  ADD PRIMARY KEY (`id`);

--
-- Indices de la tabla `configuracion`
--
ALTER TABLE `configuracion`
  ADD PRIMARY KEY (`id`);

--
-- Indices de la tabla `descuentos`
--
ALTER TABLE `descuentos`
  ADD PRIMARY KEY (`id`);

--
-- Indices de la tabla `detalles_pedido`
--
ALTER TABLE `detalles_pedido`
  ADD PRIMARY KEY (`id`);

--
-- Indices de la tabla `impuestos`
--
ALTER TABLE `impuestos`
  ADD PRIMARY KEY (`id`);

--
-- Indices de la tabla `metodos_pago`
--
ALTER TABLE `metodos_pago`
  ADD PRIMARY KEY (`id`);

--
-- Indices de la tabla `opciones_menu`
--
ALTER TABLE `opciones_menu`
  ADD PRIMARY KEY (`id`);

--
-- Indices de la tabla `pedidos`
--
ALTER TABLE `pedidos`
  ADD PRIMARY KEY (`id`);

--
-- Indices de la tabla `productos`
--
ALTER TABLE `productos`
  ADD PRIMARY KEY (`id`);

--
-- Indices de la tabla `proveedores`
--
ALTER TABLE `proveedores`
  ADD PRIMARY KEY (`id`);

--
-- Indices de la tabla `roles`
--
ALTER TABLE `roles`
  ADD PRIMARY KEY (`id`);

--
-- Indices de la tabla `usuarios`
--
ALTER TABLE `usuarios`
  ADD PRIMARY KEY (`id`);

--
-- Indices de la tabla `valoraciones`
--
ALTER TABLE `valoraciones`
  ADD PRIMARY KEY (`id`);

--
-- AUTO_INCREMENT de las tablas volcadas
--

--
-- AUTO_INCREMENT de la tabla `categorias`
--
ALTER TABLE `categorias`
  MODIFY `id` int(11) NOT NULL AUTO_INCREMENT;

--
-- AUTO_INCREMENT de la tabla `configuracion`
--
ALTER TABLE `configuracion`
  MODIFY `id` int(11) NOT NULL AUTO_INCREMENT;

--
-- AUTO_INCREMENT de la tabla `descuentos`
--
ALTER TABLE `descuentos`
  MODIFY `id` int(11) NOT NULL AUTO_INCREMENT;

--
-- AUTO_INCREMENT de la tabla `detalles_pedido`
--
ALTER TABLE `detalles_pedido`
  MODIFY `id` int(11) NOT NULL AUTO_INCREMENT;

--
-- AUTO_INCREMENT de la tabla `impuestos`
--
ALTER TABLE `impuestos`
  MODIFY `id` int(11) NOT NULL AUTO_INCREMENT;

--
-- AUTO_INCREMENT de la tabla `metodos_pago`
--
ALTER TABLE `metodos_pago`
  MODIFY `id` int(11) NOT NULL AUTO_INCREMENT;

--
-- AUTO_INCREMENT de la tabla `opciones_menu`
--
ALTER TABLE `opciones_menu`
  MODIFY `id` int(11) NOT NULL AUTO_INCREMENT, AUTO_INCREMENT=9;

--
-- AUTO_INCREMENT de la tabla `pedidos`
--
ALTER TABLE `pedidos`
  MODIFY `id` int(11) NOT NULL AUTO_INCREMENT;

--
-- AUTO_INCREMENT de la tabla `productos`
--
ALTER TABLE `productos`
  MODIFY `id` int(11) NOT NULL AUTO_INCREMENT;

--
-- AUTO_INCREMENT de la tabla `proveedores`
--
ALTER TABLE `proveedores`
  MODIFY `id` int(11) NOT NULL AUTO_INCREMENT;

--
-- AUTO_INCREMENT de la tabla `roles`
--
ALTER TABLE `roles`
  MODIFY `id` int(11) NOT NULL AUTO_INCREMENT, AUTO_INCREMENT=5;

--
-- AUTO_INCREMENT de la tabla `usuarios`
--
ALTER TABLE `usuarios`
  MODIFY `id` int(11) NOT NULL AUTO_INCREMENT, AUTO_INCREMENT=25;

--
-- AUTO_INCREMENT de la tabla `valoraciones`
--
ALTER TABLE `valoraciones`
  MODIFY `id` int(11) NOT NULL AUTO_INCREMENT;
COMMIT;

/*!40101 SET CHARACTER_SET_CLIENT=@OLD_CHARACTER_SET_CLIENT */;
/*!40101 SET CHARACTER_SET_RESULTS=@OLD_CHARACTER_SET_RESULTS */;
/*!40101 SET COLLATION_CONNECTION=@OLD_COLLATION_CONNECTION */;
